"","Kingdom","Phylum","Class","Order","Family","Genus","Species",""
"ASV1262","Bacteria","Proteobacteria","Gammaproteobacteria","Thiohalorhabdales","Thiohalorhabdaceae",NA,NA,NA
"ASV696","Bacteria","Proteobacteria","Gammaproteobacteria","AT-s2-59","AT-s2-59 Order",NA,NA,NA
"ASV82","Bacteria","Proteobacteria","Gammaproteobacteria","Francisellales","Francisellaceae",NA,NA,NA
"ASV6742","Bacteria","Proteobacteria","Gammaproteobacteria","F9P41300-M23","F9P41300-M23 Order",NA,NA,NA
"ASV1849","Bacteria","Proteobacteria","Gammaproteobacteria","Coxiellales","Coxiellaceae",NA,NA,NA
"ASV1244","Bacteria","Proteobacteria","Gammaproteobacteria","Thiotrichales","Thiotrichaceae",NA,NA,NA
"ASV1","Bacteria","Proteobacteria","Gammaproteobacteria","Pseudomonadales","Endozoicomonadaceae",NA,NA,NA
"ASV4174","Bacteria","Proteobacteria","Gammaproteobacteria","Pseudomonadales","Saccharospirillaceae",NA,NA,NA
"ASV235","Bacteria","Proteobacteria","Gammaproteobacteria","Pseudomonadales","Litoricolaceae",NA,NA,NA
"ASV398","Bacteria","Proteobacteria","Gammaproteobacteria","Pseudomonadales","Porticoccaceae",NA,NA,NA
"ASV1830","Bacteria","Proteobacteria","Gammaproteobacteria","Pseudomonadales","Microbulbiferaceae",NA,NA,NA
"ASV885","Bacteria","Proteobacteria","Gammaproteobacteria","Pseudomonadales","Pseudomonadaceae",NA,NA,NA
"ASV283","Bacteria","Proteobacteria","Gammaproteobacteria","Pseudomonadales","KI89A clade",NA,NA,NA
"ASV2658","Bacteria","Proteobacteria","Gammaproteobacteria","Pseudomonadales","Halomonadaceae",NA,NA,NA
"ASV3928","Bacteria","Proteobacteria","Gammaproteobacteria","Pseudomonadales","Alcanivoracaceae1",NA,NA,NA
"ASV277","Bacteria","Proteobacteria","Gammaproteobacteria","Pseudomonadales","Pseudomonadales Order",NA,NA,NA
"ASV3795","Bacteria","Proteobacteria","Gammaproteobacteria","Enterobacterales","Morganellaceae",NA,NA,NA
"ASV2553","Bacteria","Proteobacteria","Gammaproteobacteria","Xanthomonadales","Xanthomonadaceae",NA,NA,NA
"ASV4176","Bacteria","Proteobacteria","Gammaproteobacteria","Xanthomonadales","Rhodanobacteraceae",NA,NA,NA
"ASV147","Bacteria","Proteobacteria","Gammaproteobacteria","HOC36","HOC36 Order",NA,NA,NA
"ASV571","Bacteria","Proteobacteria","Gammaproteobacteria","Burkholderiales","Burkholderiaceae",NA,NA,NA
"ASV1124","Bacteria","Proteobacteria","Gammaproteobacteria","Burkholderiales","Oxalobacteraceae",NA,NA,NA
"ASV1615","Bacteria","Proteobacteria","Gammaproteobacteria","Burkholderiales","Methylophilaceae",NA,NA,NA
"ASV1532","Bacteria","Proteobacteria","Gammaproteobacteria","Burkholderiales","Neisseriaceae",NA,NA,NA
"ASV1121","Bacteria","Proteobacteria","Gammaproteobacteria","Burkholderiales","MWH-UniP1 aquatic group",NA,NA,NA
"ASV1251","Bacteria","Proteobacteria","Gammaproteobacteria","Burkholderiales","Nitrosomonadaceae",NA,NA,NA
"ASV842","Bacteria","Proteobacteria","Gammaproteobacteria","Burkholderiales","Comamonadaceae",NA,NA,NA
"ASV887","Bacteria","Proteobacteria","Gammaproteobacteria","Gammaproteobacteria Class","Gammaproteobacteria Class",NA,NA,NA
"ASV409","Bacteria","Proteobacteria","Gammaproteobacteria","Pseudomonadales","SAR86 clade",NA,NA,NA
"ASV476","Bacteria","Proteobacteria","Gammaproteobacteria","Pseudomonadales","OM182 clade",NA,NA,NA
"ASV584","Bacteria","Proteobacteria","Gammaproteobacteria","Pseudomonadales","Pseudohongiellaceae",NA,NA,NA
"ASV108","Bacteria","Proteobacteria","Gammaproteobacteria","Pseudomonadales","Halieaceae",NA,NA,NA
"ASV360","Bacteria","Proteobacteria","Gammaproteobacteria","Pseudomonadales","BD2-7",NA,NA,NA
"ASV621","Bacteria","Proteobacteria","Gammaproteobacteria","Pseudomonadales","Spongiibacteraceae",NA,NA,NA
"ASV2624","Bacteria","Proteobacteria","Gammaproteobacteria","Pseudomonadales","P13-46",NA,NA,NA
"ASV385","Bacteria","Proteobacteria","Gammaproteobacteria","Pseudomonadales","Moraxellaceae",NA,NA,NA
"ASV1565","Bacteria","Proteobacteria","Gammaproteobacteria","Enterobacterales","Kangiellaceae",NA,NA,NA
"ASV668","Bacteria","Proteobacteria","Gammaproteobacteria","Pseudomonadales","Marinomonadaceae",NA,NA,NA
"ASV201","Bacteria","Proteobacteria","Gammaproteobacteria","Pseudomonadales","Nitrincolaceae",NA,NA,NA
"ASV2026","Bacteria","Proteobacteria","Gammaproteobacteria","Thiomicrospirales","Thiomicrospiraceae",NA,NA,NA
"ASV1174","Bacteria","Proteobacteria","Gammaproteobacteria","Enterobacterales","Enterobacterales Order",NA,NA,NA
"ASV215","Bacteria","Proteobacteria","Gammaproteobacteria","Pseudomonadales","Hahellaceae",NA,NA,NA
"ASV524","Bacteria","Proteobacteria","Gammaproteobacteria","Pseudomonadales","MBAE14",NA,NA,NA
"ASV365","Bacteria","Proteobacteria","Gammaproteobacteria","Pseudomonadales","Oleiphilaceae",NA,NA,NA
"ASV192","Bacteria","Proteobacteria","Gammaproteobacteria","Enterobacterales","Colwelliaceae",NA,NA,NA
"ASV835","Bacteria","Proteobacteria","Gammaproteobacteria","Enterobacterales","Enterobacteriaceae",NA,NA,NA
"ASV1900","Bacteria","Proteobacteria","Gammaproteobacteria","Enterobacterales","Aeromonadaceae",NA,NA,NA
"ASV113","Bacteria","Proteobacteria","Gammaproteobacteria","Enterobacterales","Pseudoalteromonadaceae",NA,NA,NA
"ASV2201","Bacteria","Proteobacteria","Gammaproteobacteria","Enterobacterales","Psychromonadaceae",NA,NA,NA
"ASV7435","Bacteria","Proteobacteria","Gammaproteobacteria","Enterobacterales","Pasteurellaceae",NA,NA,NA
"ASV276","Bacteria","Proteobacteria","Gammaproteobacteria","Enterobacterales","Moritellaceae",NA,NA,NA
"ASV122","Bacteria","Proteobacteria","Gammaproteobacteria","Enterobacterales","Vibrionaceae",NA,NA,NA
"ASV170","Bacteria","Proteobacteria","Gammaproteobacteria","Enterobacterales","Shewanellaceae",NA,NA,NA
"ASV2863","Bacteria","Proteobacteria","Gammaproteobacteria","Enterobacterales","Celerinatantimonadaceae",NA,NA,NA
"ASV81","Bacteria","Proteobacteria","Gammaproteobacteria","Enterobacterales","Alteromonadaceae",NA,NA,NA
"ASV3194","Bacteria","Proteobacteria","Gammaproteobacteria","Nitrosococcales","Methylophagaceae",NA,NA,NA
"ASV50","Bacteria","Proteobacteria","Gammaproteobacteria","Pseudomonadales","Cellvibrionaceae",NA,NA,NA
"ASV169","Bacteria","Proteobacteria","Gammaproteobacteria","Ectothiorhodospirales","Ectothiorhodospiraceae",NA,NA,NA
"ASV998","Bacteria","Proteobacteria","Gammaproteobacteria","Gammaproteobacteria Incertae Sedis","Unknown Family",NA,NA,NA
"ASV79","Bacteria","Desulfobacterota","Desulfovibrionia","Desulfovibrionales","Desulfovibrionaceae",NA,NA,NA
"ASV4015","Bacteria","Proteobacteria","Gammaproteobacteria","EPR3968-O8a-Bc78","EPR3968-O8a-Bc78 Order",NA,NA,NA
"ASV4299","Bacteria","Proteobacteria","Gammaproteobacteria","Chromatiales","Sedimenticolaceae",NA,NA,NA
"ASV447","Bacteria","Proteobacteria","Gammaproteobacteria","BD7-8","BD7-8 Order",NA,NA,NA
"ASV4448","Bacteria","Proteobacteria","Gammaproteobacteria","Granulosicoccales","Granulosicoccaceae",NA,NA,NA
"ASV538","Bacteria","Proteobacteria","Gammaproteobacteria","UBA10353 marine group","UBA10353 marine group Order",NA,NA,NA
"ASV348","Bacteria","Proteobacteria","Gammaproteobacteria","Arenicellales","Arenicellaceae",NA,NA,NA
"ASV3399","Bacteria","Proteobacteria","Gammaproteobacteria","CH2b56","CH2b56 Order",NA,NA,NA
"ASV253","Bacteria","Proteobacteria","Gammaproteobacteria","Chromatiales","Chromatiaceae",NA,NA,NA
"ASV1860","Bacteria","Proteobacteria","Gammaproteobacteria","Nitrosococcales","Nitrosococcaceae",NA,NA,NA
"ASV4590","Bacteria","Proteobacteria","Gammaproteobacteria","pItb-vmat-80","pItb-vmat-80 Order",NA,NA,NA
"ASV3746","Bacteria","Proteobacteria","Gammaproteobacteria","Tenderiales","Tenderiaceae",NA,NA,NA
"ASV2341","Bacteria","Proteobacteria","Gammaproteobacteria","Ga0077536","Ga0077536 Order",NA,NA,NA
"ASV1646","Bacteria","Proteobacteria","Gammaproteobacteria","UBA4486","UBA4486 Order",NA,NA,NA
"ASV4638","Bacteria","Proteobacteria","Gammaproteobacteria","JTB23","JTB23 Order",NA,NA,NA
"ASV802","Bacteria","Proteobacteria","Gammaproteobacteria","SZB50","SZB50 Order",NA,NA,NA
"ASV1488","Bacteria","Proteobacteria","Gammaproteobacteria","Pseudomonadales","Gven-F17",NA,NA,NA
"ASV3792","Bacteria","Proteobacteria","Gammaproteobacteria","SS1-B-09-64","SS1-B-09-64 Order",NA,NA,NA
"ASV2287","Bacteria","Desulfobacterota","Desulfobacterota Phylum","Desulfobacterota Phylum","Desulfobacterota Phylum",NA,NA,NA
"ASV661","Bacteria","Myxococcota","Polyangia","Haliangiales","Haliangiaceae",NA,NA,NA
"ASV99","Bacteria","Myxococcota","Polyangia","Nannocystales","Nannocystaceae",NA,NA,NA
"ASV2653","Bacteria","Myxococcota","Polyangia","VHS-B4-70","VHS-B4-70 Order",NA,NA,NA
"ASV4857","Bacteria","Desulfobacterota","Desulfobulbia","Desulfobulbales","Desulfobulbaceae",NA,NA,NA
"ASV346","Bacteria","Desulfobacterota","Desulfobulbia","Desulfobulbales","Desulfocapsaceae",NA,NA,NA
"ASV534","Bacteria","Myxococcota","Polyangia","PS-B29","PS-B29 Order",NA,NA,NA
"ASV1111","Bacteria","Desulfobacterota","Desulfuromonadia","Bradymonadales","Bradymonadales Order",NA,NA,NA
"ASV4073","Bacteria","Bdellovibrionota","Bdellovibrionia","Bdellovibrionales","Bdellovibrionaceae",NA,NA,NA
"ASV181","Bacteria","Myxococcota","Polyangia","Polyangiales","Sandaracinaceae",NA,NA,NA
"ASV873","Bacteria","Myxococcota","Polyangia","Polyangiales","BIrii41",NA,NA,NA
"ASV3121","Bacteria","NB1-j","NB1-j Phylum","NB1-j Phylum","NB1-j Phylum",NA,NA,NA
"ASV3096","Bacteria","Myxococcota","Polyangia","Polyangia Class","Polyangia Class",NA,NA,NA
"ASV3298","Bacteria","Myxococcota","Polyangia","Blfdi19","Blfdi19 Order",NA,NA,NA
"ASV1966","Bacteria","Myxococcota","Myxococcota Phylum","Myxococcota Phylum","Myxococcota Phylum",NA,NA,NA
"ASV1677","Bacteria","Desulfobacterota","Desulfarculia","Desulfarculales","Desulfarculaceae",NA,NA,NA
"ASV338","Bacteria","Myxococcota","Myxococcia","Myxococcales","Myxococcaceae",NA,NA,NA
"ASV5641","Bacteria","Bdellovibrionota","Oligoflexia","053A03-B-DI-P58","053A03-B-DI-P58 Order",NA,NA,NA
"ASV2173","Bacteria","Desulfobacterota","Desulfuromonadia","Desulfuromonadia Class","Desulfuromonadia Class",NA,NA,NA
"ASV3402","Bacteria","Desulfobacterota","Desulfobacteria","Desulfobacterales","Desulfosarcinaceae",NA,NA,NA
"ASV3035","Bacteria","Desulfobacterota","Desulfobacteria","Desulfobacterales","Desulfobacterales Order",NA,NA,NA
"ASV95","Bacteria","Desulfobacterota","Desulfobacteria","Desulfobacterales","Desulfobacteraceae",NA,NA,NA
"ASV530","Bacteria","Bdellovibrionota","Oligoflexia","Oligoflexales","Oligoflexaceae",NA,NA,NA
"ASV2996","Bacteria","Bdellovibrionota","Oligoflexia","Silvanigrellales","Silvanigrellaceae",NA,NA,NA
"ASV1309","Bacteria","Bdellovibrionota","Bdellovibrionia","Bacteriovoracales","Bacteriovoracaceae",NA,NA,NA
"ASV453","Bacteria","Desulfobacterota","Desulfuromonadia","PB19","PB19 Order",NA,NA,NA
"ASV4117","Bacteria","Bdellovibrionota","Oligoflexia","0319-6G20","0319-6G20 Order",NA,NA,NA
"ASV2181","Bacteria","MBNT15","MBNT15 Phylum","MBNT15 Phylum","MBNT15 Phylum",NA,NA,NA
"ASV6054","Bacteria","Sva0485","Sva0485 Phylum","Sva0485 Phylum","Sva0485 Phylum",NA,NA,NA
"ASV4271","Bacteria","Spirochaetota","Leptospirae","Leptospirales","Leptospiraceae",NA,NA,NA
"ASV1412","Bacteria","Deinococcota","Deinococci","Deinococcales","Trueperaceae",NA,NA,NA
"ASV2619","Bacteria","Deinococcota","Deinococci","Deinococcales","Deinococcaceae",NA,NA,NA
"ASV128","Bacteria","Deinococcota","Deinococci","Thermales","Thermaceae",NA,NA,NA
"ASV1536","Bacteria","Acetothermia","Acetothermiia","Acetothermiia Class","Acetothermiia Class",NA,NA,NA
"ASV111","Bacteria","Fusobacteriota","Fusobacteriia","Fusobacteriales","Fusobacteriaceae",NA,NA,NA
"ASV3020","Bacteria","Dependentiae","Babeliae","Babeliales","Babeliaceae",NA,NA,NA
"ASV1422","Bacteria","Marinimicrobia (SAR406 clade)","Marinimicrobia (SAR406 clade) Phylum","Marinimicrobia (SAR406 clade) Phylum","Marinimicrobia (SAR406 clade) Phylum",NA,NA,NA
"ASV61","Bacteria","Proteobacteria","Alphaproteobacteria","Alphaproteobacteria Class","Alphaproteobacteria Class",NA,NA,NA
"ASV5767","Bacteria","Patescibacteria","Gracilibacteria","Candidatus Peribacteria","Candidatus Peribacteria Order",NA,NA,NA
"ASV3481","Bacteria","Patescibacteria","Gracilibacteria","JGI 0000069-P22","JGI 0000069-P22 Order",NA,NA,NA
"ASV107","Bacteria","Patescibacteria","Gracilibacteria","Gracilibacteria Class","Gracilibacteria Class",NA,NA,NA
"ASV2761","Bacteria","Patescibacteria","Parcubacteria","Parcubacteria Class","Parcubacteria Class",NA,NA,NA
"ASV4302","Bacteria","Patescibacteria","ABY1","Candidatus Falkowbacteria","Candidatus Falkowbacteria Order",NA,NA,NA
"ASV2203","Bacteria","Patescibacteria","Gracilibacteria","Absconditabacteriales (SR1)","Absconditabacteriales (SR1) Order",NA,NA,NA
"ASV3627","Archaea","Altiarchaeota","Altiarchaeia","Altiarchaeales","Altiarchaeaceae",NA,NA,NA
"ASV4296","Archaea","Thermoplasmatota","Thermoplasmatota Phylum","Thermoplasmatota Phylum","Thermoplasmatota Phylum",NA,NA,NA
"ASV439","Archaea","Thermoplasmatota","Thermoplasmata","Marine Group III","Marine Group III Order",NA,NA,NA
"ASV1047","Archaea","Thermoplasmatota","Thermoplasmata","Marine Group II","Marine Group II Order",NA,NA,NA
"ASV2112","Archaea","Halobacterota","Halobacteria","Halobacterales","Haloferacaceae",NA,NA,NA
"ASV964","Archaea","Nanoarchaeota","Nanoarchaeia","Woesearchaeales","SCGC AAA011-D5",NA,NA,NA
"ASV334","Archaea","Nanoarchaeota","Nanoarchaeia","Woesearchaeales","Woesearchaeales Order",NA,NA,NA
"ASV841","Archaea","Crenarchaeota","Nitrososphaeria","Nitrosopumilales","Nitrosopumilaceae",NA,NA,NA
"ASV98","Archaea","Nanoarchaeota","Nanoarchaeia","Woesearchaeales","SCGC AAA286-E23",NA,NA,NA
"ASV523","Bacteria","Chloroflexi","Dehalococcoidia","SAR202 clade","SAR202 clade Order",NA,NA,NA
"ASV747","Bacteria","Margulisbacteria","Margulisbacteria Phylum","Margulisbacteria Phylum","Margulisbacteria Phylum",NA,NA,NA
"ASV1868","Bacteria","Acidobacteriota","Thermoanaerobaculia","Thermoanaerobaculales","Thermoanaerobaculaceae",NA,NA,NA
"ASV1221","Bacteria","Planctomycetota","Phycisphaerae","MSBL9","SG8-4",NA,NA,NA
"ASV670","Bacteria","Planctomycetota","Phycisphaerae","Phycisphaerales","Phycisphaeraceae",NA,NA,NA
"ASV1619","Bacteria","Planctomycetota","Phycisphaerae","mle1-8","mle1-8 Order",NA,NA,NA
"ASV4843","Bacteria","Planctomycetota","Phycisphaerae","Phycisphaerae Class","Phycisphaerae Class",NA,NA,NA
"ASV2800","Bacteria","Planctomycetota","Phycisphaerae","CCM11a","CCM11a Order",NA,NA,NA
"ASV3781","Bacteria","Planctomycetota","028H05-P-BN-P5","028H05-P-BN-P5 Class","028H05-P-BN-P5 Class",NA,NA,NA
"ASV1420","Bacteria","Planctomycetota","OM190","OM190 Class","OM190 Class",NA,NA,NA
"ASV2924","Bacteria","Planctomycetota","Planctomycetes","Gemmatales","Gemmataceae",NA,NA,NA
"ASV94","Bacteria","Planctomycetota","Planctomycetes","Pirellulales","Pirellulaceae",NA,NA,NA
"ASV440","Bacteria","Planctomycetota","Planctomycetes","Planctomycetales","Planctomycetales Order",NA,NA,NA
"ASV295","Bacteria","Planctomycetota","Planctomycetes","Planctomycetales","Rubinisphaeraceae",NA,NA,NA
"ASV716","Bacteria","Planctomycetota","Planctomycetes","Planctomycetales","Gimesiaceae",NA,NA,NA
"ASV3591","Bacteria","Planctomycetota","Planctomycetota Phylum","Planctomycetota Phylum","Planctomycetota Phylum",NA,NA,NA
"ASV2877","Bacteria","Planctomycetota","Pla4 lineage","Pla4 lineage Class","Pla4 lineage Class",NA,NA,NA
"ASV5121","Bacteria","Planctomycetota","vadinHA49","vadinHA49 Class","vadinHA49 Class",NA,NA,NA
"ASV770","Bacteria","Planctomycetota","BD7-11","BD7-11 Class","BD7-11 Class",NA,NA,NA
"ASV1730","Bacteria","Planctomycetota","Pla3 lineage","Pla3 lineage Class","Pla3 lineage Class",NA,NA,NA
"ASV1028","Bacteria","Acidobacteriota","Subgroup 22","Subgroup 22 Class","Subgroup 22 Class",NA,NA,NA
"ASV1665","Bacteria","Acidobacteriota","Vicinamibacteria","Vicinamibacterales","Vicinamibacterales Order",NA,NA,NA
"ASV587","Bacteria","Acidobacteriota","Vicinamibacteria","Subgroup 9","Subgroup 9 Order",NA,NA,NA
"ASV5321","Bacteria","Methylomirabilota","Methylomirabilia","Methylomirabilales","Methylomirabilaceae",NA,NA,NA
"ASV2151","Bacteria","Firmicutes","Thermoanaerobacteria","Thermoanaerobacterales","Family III",NA,NA,NA
"ASV4307","Bacteria","Firmicutes","Thermoanaerobacteria","Thermoanaerobacterales","Thermoanaerobacteraceae",NA,NA,NA
"ASV2053","Bacteria","Acidobacteriota","Holophagae","Acanthopleuribacterales","Acanthopleuribacteraceae",NA,NA,NA
"ASV1743","Bacteria","Firmicutes","Thermoanaerobacteria","Caldicellulosiruptorales","Caldicellulosiraptoraceae",NA,NA,NA
"ASV3622","Bacteria","Acidobacteriota","Subgroup 26","Subgroup 26 Class","Subgroup 26 Class",NA,NA,NA
"ASV5468","Bacteria","Gemmatimonadota","BD2-11 terrestrial group","BD2-11 terrestrial group Class","BD2-11 terrestrial group Class",NA,NA,NA
"ASV3220","Bacteria","PAUC34f","PAUC34f Phylum","PAUC34f Phylum","PAUC34f Phylum",NA,NA,NA
"ASV2805","Bacteria","Poribacteria","Poribacteria Phylum","Poribacteria Phylum","Poribacteria Phylum",NA,NA,NA
"ASV2708","Bacteria","Verrucomicrobiota","Chlamydiae","Chlamydiales","Chlamydiales Order",NA,NA,NA
"ASV7629","Bacteria","Verrucomicrobiota","Chlamydiae","Chlamydiales","Chlamydiaceae",NA,NA,NA
"ASV7","Bacteria","Verrucomicrobiota","Chlamydiae","Chlamydiales","Simkaniaceae",NA,NA,NA
"ASV3606","Bacteria","Acidobacteriota","Subgroup 21","Subgroup 21 Class","Subgroup 21 Class",NA,NA,NA
"ASV1025","Bacteria","Latescibacterota","Latescibacterota Phylum","Latescibacterota Phylum","Latescibacterota Phylum",NA,NA,NA
"ASV3734","Bacteria","Elusimicrobiota","Lineage IIb","Lineage IIb Class","Lineage IIb Class",NA,NA,NA
"ASV1801","Bacteria","Sumerlaeota","Sumerlaeia","Sumerlaeales","Sumerlaeaceae",NA,NA,NA
"ASV7426","Bacteria","Chloroflexi","Anaerolineae","Ardenticatenales","Ardenticatenaceae",NA,NA,NA
"ASV4752","Bacteria","Chloroflexi","TK17","TK17 Class","TK17 Class",NA,NA,NA
"ASV3593","Bacteria","Chloroflexi","Anaerolineae","Anaerolineales","Anaerolineaceae",NA,NA,NA
"ASV379","Bacteria","Chloroflexi","Anaerolineae","SBR1031","SBR1031 Order",NA,NA,NA
"ASV3407","Bacteria","Chloroflexi","Anaerolineae","Anaerolineae Class","Anaerolineae Class",NA,NA,NA
"ASV168","Bacteria","Chloroflexi","Anaerolineae","Ardenticatenales","Ardenticatenales Order",NA,NA,NA
"ASV4819","Bacteria","Chloroflexi","KD4-96","KD4-96 Class","KD4-96 Class",NA,NA,NA
"ASV1690","Bacteria","Chloroflexi","Anaerolineae","Caldilineales","Caldilineaceae",NA,NA,NA
"ASV3134","Bacteria","Acidobacteriota","Acidobacteriae","Acidobacteriae Class","Acidobacteriae Class",NA,NA,NA
"ASV2269","Bacteria","Acidobacteriota","Acidobacteriae","PAUC26f","PAUC26f Order",NA,NA,NA
"ASV1120","Bacteria","Verrucomicrobiota","Verrucomicrobiae","Opitutales","Puniceicoccaceae",NA,NA,NA
"ASV4022","Bacteria","Verrucomicrobiota","Verrucomicrobiae","Opitutales","Opitutaceae",NA,NA,NA
"ASV1710","Bacteria","Verrucomicrobiota","Lentisphaeria","Lentisphaerales","Lentisphaeraceae",NA,NA,NA
"ASV417","Bacteria","Verrucomicrobiota","Lentisphaeria","Victivallales","PRD18C08",NA,NA,NA
"ASV4643","Bacteria","Verrucomicrobiota","Lentisphaeria","Victivallales","Victivallales Order",NA,NA,NA
"ASV3937","Bacteria","Verrucomicrobiota","Lentisphaeria","P.palmC41","P.palmC41 Order",NA,NA,NA
"ASV728","Bacteria","Verrucomicrobiota","Verrucomicrobiota Phylum","Verrucomicrobiota Phylum","Verrucomicrobiota Phylum",NA,NA,NA
"ASV625","Bacteria","Verrucomicrobiota","Lentisphaeria","SS1-B-02-17","SS1-B-02-17 Order",NA,NA,NA
"ASV4720","Bacteria","Verrucomicrobiota","Lentisphaeria","Oligosphaerales","Oligosphaerales Order",NA,NA,NA
"ASV1979","Bacteria","Verrucomicrobiota","Kiritimatiellae","Kiritimatiellales","Kiritimatiellaceae",NA,NA,NA
"ASV123","Bacteria","Verrucomicrobiota","Kiritimatiellae","WCHB1-41","WCHB1-41 Order",NA,NA,NA
"ASV341","Bacteria","Verrucomicrobiota","Verrucomicrobiae","Verrucomicrobiales","Rubritaleaceae",NA,NA,NA
"ASV4355","Bacteria","Verrucomicrobiota","Verrucomicrobiae","Verrucomicrobiales","Verrucomicrobiales Order",NA,NA,NA
"ASV618","Bacteria","Verrucomicrobiota","Verrucomicrobiae","Verrucomicrobiales","DEV007",NA,NA,NA
"ASV3468","Bacteria","Verrucomicrobiota","Verrucomicrobiae","Chthoniobacterales","Chthoniobacteraceae",NA,NA,NA
"ASV426","Bacteria","Verrucomicrobiota","Verrucomicrobiae","Pedosphaerales","Pedosphaeraceae",NA,NA,NA
"ASV2692","Bacteria","Verrucomicrobiota","Verrucomicrobiae","Arctic97B-4 marine group","Arctic97B-4 marine group Order",NA,NA,NA
"ASV529","Bacteria","Verrucomicrobiota","Verrucomicrobiae","Methylacidiphilales","Methylacidiphilaceae",NA,NA,NA
"ASV5515","Bacteria","Hydrogenedentes","Hydrogenedentia","Hydrogenedentiales","Hydrogenedensaceae",NA,NA,NA
"ASV1088","Bacteria","WPS-2","WPS-2 Phylum","WPS-2 Phylum","WPS-2 Phylum",NA,NA,NA
"ASV2320","Bacteria","Verrucomicrobiota","Omnitrophia","Omnitrophales","Omnitrophaceae",NA,NA,NA
"ASV463","Bacteria","Fibrobacterota","Fibrobacteria","Fibrobacterales","Fibrobacteraceae",NA,NA,NA
"ASV1530","Bacteria","Fibrobacterota","Fibrobacteria","Fibrobacterales","Fibrobacterales Order",NA,NA,NA
"ASV7660","Bacteria","Bacteroidota","Bacteroidia","Cytophagales","Microscillaceae",NA,NA,NA
"ASV1286","Bacteria","Bacteroidota","Bacteroidia","Cytophagales","Bernardetiaceae",NA,NA,NA
"ASV567","Bacteria","Bacteroidota","Bacteroidia","Chitinophagales","Chitinophagales Order",NA,NA,NA
"ASV51","Bacteria","Bacteroidota","Bacteroidia","Cytophagales","Amoebophilaceae",NA,NA,NA
"ASV271","Bacteria","Bacteroidota","Bacteroidia","Cytophagales","Cytophagales Order",NA,NA,NA
"ASV42","Bacteria","Bacteroidota","Bacteroidia","Cytophagales","Cyclobacteriaceae",NA,NA,NA
"ASV172","Bacteria","Bacteroidota","Bacteroidia","Cytophagales","Flammeovirgaceae",NA,NA,NA
"ASV2499","Bacteria","Bacteroidota","Bacteroidia","Flavobacteriales","Blattabacteriaceae",NA,NA,NA
"ASV1518","Bacteria","Bacteroidota","Bacteroidia","Flavobacteriales","Weeksellaceae",NA,NA,NA
"ASV559","Bacteria","Bacteroidota","Bacteroidia","Flavobacteriales","Crocinitomicaceae",NA,NA,NA
"ASV819","Bacteria","Bacteroidota","Bacteroidia","Flavobacteriales","Flavobacteriales Order",NA,NA,NA
"ASV1609","Bacteria","Bacteroidota","Bacteroidia","Bacteroidales","Marinifilaceae",NA,NA,NA
"ASV527","Bacteria","Bacteroidota","Bacteroidia","Bacteroidales","Marinilabiliaceae",NA,NA,NA
"ASV700","Bacteria","Bacteroidota","Bacteroidia","Bacteroidales","Tannerellaceae",NA,NA,NA
"ASV1934","Bacteria","Bacteroidota","Bacteroidia","Bacteroidales","Prolixibacteraceae",NA,NA,NA
"ASV4780","Bacteria","Bacteroidota","Bacteroidia","Bacteroidales","SB-5",NA,NA,NA
"ASV436","Bacteria","Bacteroidota","Bacteroidia","Bacteroidales","Bacteroidetes BD2-2",NA,NA,NA
"ASV729","Bacteria","Bacteroidota","Bacteroidia","Sphingobacteriales","Sphingobacteriales Order",NA,NA,NA
"ASV2215","Bacteria","Bacteroidota","Bacteroidia","Sphingobacteriales","NS11-12 marine group",NA,NA,NA
"ASV58","Bacteria","Bacteroidota","Bacteroidia","Flavobacteriales","Cryomorphaceae",NA,NA,NA
"ASV546","Bacteria","Bacteroidota","Bacteroidia","Flavobacteriales","NS7 marine group",NA,NA,NA
"ASV403","Bacteria","Bacteroidota","Bacteroidia","Flavobacteriales","NS9 marine group",NA,NA,NA
"ASV2591","Bacteria","Bacteroidota","Bacteroidia","Sphingobacteriales","Lentimicrobiaceae",NA,NA,NA
"ASV138","Bacteria","Bacteroidota","Bacteroidia","Bacteroidia Class","Bacteroidia Class",NA,NA,NA
"ASV64","Bacteria","Bacteroidota","Bacteroidia","Chitinophagales","Saprospiraceae",NA,NA,NA
"ASV103","Bacteria","Bacteroidota","Bacteroidia","Flavobacteriales","Flavobacteriaceae",NA,NA,NA
"ASV1032","Bacteria","Bacteroidota","Rhodothermia","Rhodothermales","Rhodothermaceae",NA,NA,NA
"ASV674","Bacteria","Bacteroidota","Rhodothermia","Balneolales","Balneolaceae",NA,NA,NA
"ASV949","Bacteria","Bacteroidota","Ignavibacteria","Ignavibacteriales","Melioribacteraceae",NA,NA,NA
"ASV2659","Bacteria","Bacteroidota","Kapabacteria","Kapabacteriales","Kapabacteriales Order",NA,NA,NA
"ASV2083","Bacteria","Calditrichota","Calditrichia","Calditrichales","Calditrichaceae",NA,NA,NA
"ASV1073","Bacteria","Spirochaetota","Spirochaetia","Spirochaetales","Spirochaetaceae",NA,NA,NA
"ASV1718","Bacteria","Firmicutes","Negativicutes","Veillonellales-Selenomonadales","Veillonellaceae",NA,NA,NA
"ASV191","Bacteria","Cyanobacteria","Vampirivibrionia","Obscuribacterales","Obscuribacteraceae",NA,NA,NA
"ASV513","Bacteria","Firmicutes","Bacilli","Mycoplasmatales","Mycoplasmataceae",NA,NA,NA
"ASV651","Bacteria","Firmicutes","Firmicutes Phylum","Firmicutes Phylum","Firmicutes Phylum",NA,NA,NA
"ASV11","Bacteria","Firmicutes","Bacilli","Entomoplasmatales","Entomoplasmatales Incertae Sedis",NA,NA,NA
"ASV110","Bacteria","Cyanobacteria","Cyanobacteriia","Cyanobacteriales","Nostocaceae",NA,NA,NA
"ASV126","Bacteria","Cyanobacteria","Cyanobacteriia","Phormidesmiales","Phormidesmiaceae",NA,NA,NA
"ASV466","Bacteria","Cyanobacteria","Cyanobacteriia","Limnotrichales","Limnotrichaceae",NA,NA,NA
"ASV533","Bacteria","Cyanobacteria","Cyanobacteriia","Synechococcales","Synechococcales Incertae Sedis",NA,NA,NA
"ASV2380","Bacteria","Cyanobacteria","Cyanobacteriia","Synechococcales","Synechococcales Order",NA,NA,NA
"ASV18","Bacteria","Cyanobacteria","Cyanobacteriia","Synechococcales","Cyanobiaceae",NA,NA,NA
"ASV3524","Bacteria","Cyanobacteria","Cyanobacteriia","Leptolyngbyales","Leptolyngbyaceae",NA,NA,NA
"ASV5958","Bacteria","Cyanobacteria","Cyanobacteriia","Oxyphotobacteria Incertae Sedis","Unknown Family",NA,NA,NA
"ASV979","Bacteria","Cyanobacteria","Cyanobacteriia","Cyanobacteriia Class","Cyanobacteriia Class",NA,NA,NA
"ASV961","Bacteria","Cyanobacteria","Cyanobacteriia","Pseudanabaenales","Pseudanabaenaceae",NA,NA,NA
"ASV2355","Bacteria","Cyanobacteria","Cyanobacteriia","Synechococcales","Prochlorotrichaceae",NA,NA,NA
"ASV2898","Bacteria","Cyanobacteria","Cyanobacteriia","Thermosynechococcales","Acaryochloridaceae",NA,NA,NA
"ASV617","Bacteria","Cyanobacteria","Cyanobacteriia","Thermosynechococcales","Thermosynechococcales Order",NA,NA,NA
"ASV415","Bacteria","Cyanobacteria","Cyanobacteriia","Eurycoccales","Eurycoccales Incertae Sedis",NA,NA,NA
"ASV268","Bacteria","Cyanobacteria","Cyanobacteriia","Phormidesmiales","Nodosilineaceae",NA,NA,NA
"ASV29","Bacteria","Cyanobacteria","Cyanobacteriia","Cyanobacteriales","Microcystaceae",NA,NA,NA
"ASV433","Bacteria","Cyanobacteria","Cyanobacteriia","Cyanobacteriales","Cyanobacteriales Order",NA,NA,NA
"ASV179","Bacteria","Cyanobacteria","Cyanobacteriia","Cyanobacteriales","Desertifilaceae",NA,NA,NA
"ASV59","Bacteria","Cyanobacteria","Cyanobacteriia","Cyanobacteriales","Phormidiaceae",NA,NA,NA
"ASV352","Bacteria","Cyanobacteria","Cyanobacteriia","Cyanobacteriales","Oscillatoriaceae",NA,NA,NA
"ASV97","Bacteria","Cyanobacteria","Cyanobacteriia","Cyanobacteriales","Coleofasciculaceae",NA,NA,NA
"ASV282","Bacteria","Cyanobacteria","Cyanobacteriia","Cyanobacteriales","Geitlerinemaceae",NA,NA,NA
"ASV1676","Bacteria","Cyanobacteria","Cyanobacteriia","Cyanobacteriales","Paraspirulinaceae",NA,NA,NA
"ASV246","Bacteria","Cyanobacteria","Cyanobacteriia","Cyanobacteriales","Cyanobacteriaceae",NA,NA,NA
"ASV406","Bacteria","Cyanobacteria","Cyanobacteriia","Cyanobacteriales","Xenococcaceae",NA,NA,NA
"ASV910","Bacteria","Cyanobacteria","Sericytochromatia","Sericytochromatia Class","Sericytochromatia Class",NA,NA,NA
"ASV3880","Bacteria","Firmicutes","Clostridia","Christensenellales","Christensenellaceae",NA,NA,NA
"ASV572","Bacteria","Firmicutes","Clostridia","Clostridiales","Clostridiaceae",NA,NA,NA
"ASV7600","Bacteria","Firmicutes","Thermovenabulia","Thermovenabulales","Fervidicola",NA,NA,NA
"ASV780","Bacteria","Firmicutes","Clostridia","Peptostreptococcales-Tissierellales","Peptostreptococcaceae",NA,NA,NA
"ASV1655","Bacteria","Firmicutes","Clostridia","Peptostreptococcales-Tissierellales","Fusibacteraceae",NA,NA,NA
"ASV754","Bacteria","Firmicutes","Clostridia","Lachnospirales","Lachnospiraceae",NA,NA,NA
"ASV3582","Bacteria","Firmicutes","Clostridia","Clostridia UCG-014","Clostridia UCG-014 Order",NA,NA,NA
"ASV137","Bacteria","Firmicutes","Bacilli","Lactobacillales","Enterococcaceae",NA,NA,NA
"ASV329","Bacteria","Firmicutes","Bacilli","Staphylococcales","Staphylococcaceae",NA,NA,NA
"ASV3548","Bacteria","Firmicutes","Bacilli","Erysipelotrichales","Erysipelotrichaceae",NA,NA,NA
"ASV2025","Bacteria","Firmicutes","Bacilli","Bacillales","Planococcaceae",NA,NA,NA
"ASV382","Bacteria","Firmicutes","Bacilli","Bacillales","Bacillaceae",NA,NA,NA
"ASV1758","Bacteria","Firmicutes","Bacilli","Exiguobacterales","Exiguobacteraceae",NA,NA,NA
"ASV2060","Bacteria","Firmicutes","Bacilli","Lactobacillales","Carnobacteriaceae",NA,NA,NA
"ASV3206","Bacteria","Firmicutes","Bacilli","Lactobacillales","Streptococcaceae",NA,NA,NA
"ASV13","Bacteria","Bacteria Kingdom","Bacteria Kingdom","Bacteria Kingdom","Bacteria Kingdom",NA,NA,NA
"ASV17","Bacteria","Firmicutes","Bacilli","Entomoplasmatales","Entomoplasmatales Order",NA,NA,NA
"ASV3310","Bacteria","Actinobacteriota","Rubrobacteria","Rubrobacterales","Rubrobacteriaceae",NA,NA,NA
"ASV5721","Bacteria","Actinobacteriota","Thermoleophilia","Gaiellales","Gaiellales Order",NA,NA,NA
"ASV620","Bacteria","Actinobacteriota","Acidimicrobiia","Microtrichales","Microtrichaceae",NA,NA,NA
"ASV929","Bacteria","Actinobacteriota","Acidimicrobiia","Microtrichales","Ilumatobacteraceae",NA,NA,NA
"ASV3936","Bacteria","Actinobacteriota","Actinobacteria","KIST-JJY010","KIST-JJY010 Order",NA,NA,NA
"ASV3203","Bacteria","Actinobacteriota","Actinobacteria","Micrococcales","Micrococcaceae",NA,NA,NA
"ASV1540","Bacteria","Actinobacteriota","Actinobacteria","Micrococcales","Dermacoccaceae",NA,NA,NA
"ASV2123","Bacteria","Actinobacteriota","Actinobacteria","Frankiales","Geodermatophilaceae",NA,NA,NA
"ASV2815","Bacteria","Actinobacteriota","Actinobacteria","Corynebacteriales","Nocardiaceae",NA,NA,NA
"ASV864","Bacteria","Actinobacteriota","Actinobacteria","Corynebacteriales","Corynebacteriaceae",NA,NA,NA
"ASV66","Bacteria","Actinobacteriota","Acidimicrobiia","Actinomarinales","Actinomarinaceae",NA,NA,NA
"ASV847","Bacteria","Actinobacteriota","Acidimicrobiia","Actinomarinales","Actinomarinales Order",NA,NA,NA
"ASV1034","Bacteria","Proteobacteria","Alphaproteobacteria","Tistrellales","Geminicoccaceae",NA,NA,NA
"ASV1004","Bacteria","Proteobacteria","Alphaproteobacteria","Paracaedibacterales","Paracaedibacteraceae",NA,NA,NA
"ASV1316","Bacteria","Dadabacteria","Dadabacteriia","Dadabacteriales","Dadabacteriales Order",NA,NA,NA
"ASV421","Bacteria","SAR324 clade(Marine group B)","SAR324 clade(Marine group B) Phylum","SAR324 clade(Marine group B) Phylum","SAR324 clade(Marine group B) Phylum",NA,NA,NA
"ASV109","Bacteria","Proteobacteria","Alphaproteobacteria","SAR11 clade","Clade IV",NA,NA,NA
"ASV1282","Bacteria","Proteobacteria","Alphaproteobacteria","Defluviicoccales","Defluviicoccales Order",NA,NA,NA
"ASV1509","Bacteria","Proteobacteria","Alphaproteobacteria","Puniceispirillales","EF100-94H03",NA,NA,NA
"ASV413","Bacteria","Proteobacteria","Alphaproteobacteria","Kordiimonadales","Kordiimonadales Incertae Sedis",NA,NA,NA
"ASV405","Bacteria","Proteobacteria","Alphaproteobacteria","Kordiimonadales","Kordiimonadaceae",NA,NA,NA
"ASV2284","Bacteria","Proteobacteria","Alphaproteobacteria","Kordiimonadales","Temperatibacteraceae",NA,NA,NA
"ASV4724","Bacteria","Proteobacteria","Alphaproteobacteria","AT-s3-44","AT-s3-44 Order",NA,NA,NA
"ASV4078","Bacteria","Proteobacteria","Alphaproteobacteria","Parvibaculales","Parvibaculaceae",NA,NA,NA
"ASV1240","Bacteria","Proteobacteria","Alphaproteobacteria","Sneathiellales","Sneathiellaceae",NA,NA,NA
"ASV211","Bacteria","Proteobacteria","Alphaproteobacteria","Caulobacterales","Parvularculaceae",NA,NA,NA
"ASV46","Bacteria","Proteobacteria","Alphaproteobacteria","Rhodobacterales","Rhodobacteraceae",NA,NA,NA
"ASV43","Bacteria","Proteobacteria","Alphaproteobacteria","Rickettsiales","Fokiniaceae",NA,NA,NA
"ASV654","Bacteria","Proteobacteria","Alphaproteobacteria","SAR11 clade","Clade III",NA,NA,NA
"ASV56","Bacteria","Proteobacteria","Alphaproteobacteria","SAR11 clade","Clade II",NA,NA,NA
"ASV39","Bacteria","Proteobacteria","Alphaproteobacteria","SAR11 clade","Clade I",NA,NA,NA
"ASV963","Bacteria","Proteobacteria","Alphaproteobacteria","SAR11 clade","SAR11 clade Order",NA,NA,NA
"ASV3128","Bacteria","Patescibacteria","Saccharimonadia","Saccharimonadales","Saccharimonadales Order",NA,NA,NA
"ASV1694","Bacteria","Patescibacteria","Saccharimonadia","Saccharimonadales","Saccharimonadaceae",NA,NA,NA
"ASV44","Bacteria","Proteobacteria","Proteobacteria Phylum","Proteobacteria Phylum","Proteobacteria Phylum",NA,NA,NA
"ASV1840","Bacteria","Proteobacteria","Gammaproteobacteria","Beggiatoales","Beggiatoaceae",NA,NA,NA
"ASV6","Bacteria","Campylobacterota","Campylobacteria","Campylobacterales","Campylobacterales Order",NA,NA,NA
"ASV1470","Bacteria","Campylobacterota","Campylobacteria","Campylobacterales","Arcobacteraceae",NA,NA,NA
"ASV4592","Bacteria","Campylobacterota","Campylobacteria","Campylobacterales","Sulfurimonadaceae",NA,NA,NA
"ASV3357","Bacteria","Proteobacteria","Alphaproteobacteria","Rickettsiales","SM2D12",NA,NA,NA
"ASV116","Bacteria","Proteobacteria","Alphaproteobacteria","Rickettsiales","Rickettsiaceae",NA,NA,NA
"ASV73","Bacteria","Proteobacteria","Alphaproteobacteria","Kiloniellales","Kiloniellaceae",NA,NA,NA
"ASV816","Bacteria","Proteobacteria","Alphaproteobacteria","Kiloniellales","Fodinicurvataceae",NA,NA,NA
"ASV1757","Bacteria","Proteobacteria","Alphaproteobacteria","Rhodospirillales","Thalassospiraceae",NA,NA,NA
"ASV24","Bacteria","Proteobacteria","Alphaproteobacteria","Rhodospirillales","Terasakiellaceae",NA,NA,NA
"ASV12","Bacteria","Proteobacteria","Alphaproteobacteria","Rhodospirillales","Rhodospirillales Order",NA,NA,NA
"ASV68","Bacteria","Proteobacteria","Alphaproteobacteria","Rhodospirillales","Magnetospiraceae",NA,NA,NA
"ASV2050","Bacteria","Proteobacteria","Magnetococcia","Magnetococcales","Magnetococcaceae",NA,NA,NA
"ASV1109","Bacteria","Proteobacteria","Alphaproteobacteria","Thalassobaculales","Thalassobaculaceae",NA,NA,NA
"ASV77","Bacteria","Proteobacteria","Alphaproteobacteria","Thalassobaculales","Thalassobaculales Order",NA,NA,NA
"ASV4870","Bacteria","Proteobacteria","Alphaproteobacteria","Thalassobaculales","Nisaeaceae",NA,NA,NA
"ASV239","Bacteria","Proteobacteria","Alphaproteobacteria","Defluviicoccales","Defluviicoccaceae",NA,NA,NA
"ASV63","Bacteria","Proteobacteria","Alphaproteobacteria","Sphingomonadales","Sphingomonadaceae",NA,NA,NA
"ASV2324","Bacteria","Proteobacteria","Alphaproteobacteria","Caulobacterales","Caulobacteraceae",NA,NA,NA
"ASV1867","Bacteria","Proteobacteria","Alphaproteobacteria","Rhizobiales","Beijerinckiaceae",NA,NA,NA
"ASV1556","Bacteria","Proteobacteria","Alphaproteobacteria","Rhizobiales","Rhodomicrobiaceae",NA,NA,NA
"ASV1502","Bacteria","Proteobacteria","Alphaproteobacteria","Parvibaculales","OCS116 clade",NA,NA,NA
"ASV474","Bacteria","Proteobacteria","Alphaproteobacteria","Rhizobiales","Methyloligellaceae",NA,NA,NA
"ASV2644","Bacteria","Proteobacteria","Alphaproteobacteria","Rhizobiales","Hyphomicrobiaceae",NA,NA,NA
"ASV310","Bacteria","Proteobacteria","Alphaproteobacteria","Parvibaculales","PS1 clade",NA,NA,NA
"ASV600","Bacteria","Proteobacteria","Alphaproteobacteria","Rhizobiales","Devosiaceae",NA,NA,NA
"ASV62","Bacteria","Proteobacteria","Alphaproteobacteria","Rhizobiales","Rhizobiaceae",NA,NA,NA
"ASV324","Bacteria","Proteobacteria","Alphaproteobacteria","Rhizobiales","Xanthobacteraceae",NA,NA,NA
"ASV4161","Bacteria","Proteobacteria","Alphaproteobacteria","Parvibaculales","Parvibaculales Order",NA,NA,NA
"ASV355","Bacteria","Proteobacteria","Alphaproteobacteria","Rhizobiales","Stappiaceae",NA,NA,NA
"ASV3423","Bacteria","Proteobacteria","Alphaproteobacteria","Rhizobiales","Pleomorphomonadaceae",NA,NA,NA
"ASV657","Bacteria","Proteobacteria","Alphaproteobacteria","Rhizobiales","Rhizobiales Order",NA,NA,NA
"ASV604","Bacteria","Proteobacteria","Alphaproteobacteria","Rhizobiales","Rhizobiales Incertae Sedis",NA,NA,NA
"ASV92","Bacteria","Proteobacteria","Alphaproteobacteria","Caulobacterales","Hyphomonadaceae",NA,NA,NA
"ASV623","Bacteria","Proteobacteria","Alphaproteobacteria","Micavibrionales","Micavibrionaceae",NA,NA,NA
"ASV1265","Bacteria","Proteobacteria","Alphaproteobacteria","Micavibrionales","Micavibrionales Order",NA,NA,NA
"ASV76","Bacteria","Proteobacteria","Alphaproteobacteria","Rhodospirillales","AEGEAN-169 marine group",NA,NA,NA
"ASV900","Bacteria","Proteobacteria","Alphaproteobacteria","Rickettsiales","S25-593",NA,NA,NA
"ASV47","Bacteria","Proteobacteria","Alphaproteobacteria","Puniceispirillales","SAR116 clade",NA,NA,NA
"ASV2555","Bacteria","Proteobacteria","Alphaproteobacteria","Rickettsiales","Rickettsiales Order",NA,NA,NA
"ASV84","Bacteria","Proteobacteria","Gammaproteobacteria","Steroidobacterales","Woeseiaceae",NA,NA,NA
